Workbook

Sheet Test Cases
A1: Test Case Suite - SauceDemo Web Portal (Arrowstack Virtual Internship - Task 1)
A2: TC ID | B2: Module | C2: Test Case Title | D2: Test Type | E2: Priority | F2: Preconditions | G2: Test Steps | H2: Test Data | I2: Expected Result | J2: Actual Result | K2: Status | L2: Remarks
A3: TC_001 | B3: Login | C3: Login with valid credentials | D3: Positive | E3: High | F3: Login page https://www.saucedemo.com is open | G3: 1. Enter valid username 2. Enter valid password 3. Click Login | H3: Username: standard_user Password: secret_sauce | I3: User is taken to the Products page (inventory.html) | J3: Login successful, Products page opened with 6 items.” | K3: Pass | L3: screenshot TC001
A4: TC_002 | B4: Login | C4: Login with wrong password | D4: Negative | E4: High | F4: Login page is open | G4: 1. Enter valid username 2. Enter wrong password 3. Click Login | H4: Username: standard_user Password: wrong123 | I4: Error 'Username and password do not match any user in this service' is shown; user stays on login page | J4: Entered valid username “standard_user” and wrong password “wrong123”. Clicked Login. Error message “Epic sadface: Username and password do not match any user in this service” appeared. User stayed on the login page. | K4: Pass | L4: screenshot TC002
A5: TC_003 | B5: Login | C5: Login with wrong username | D5: Negative | E5: High | F5: Login page is open | G5: 1. Enter invalid username 2. Enter valid password 3. Click Login | H5: Username: wronguser Password: secret_sauce | I5: Same 'do not match' error message is shown | J5: Entered invalid username “wrong username” with valid password. Error message “Epic sadface: Username and password do not match any user in this service” appeared. User stayed on login page | K5: Pass | L5: Error text slightly clipped inside red box (same as TC002). Screenshot TC003.
A6: TC_004 | B6: Login | C6: Login with both fields empty | D6: Negative | E6: High | F6: Login page is open | G6: 1. Leave both fields blank 2. Click Login | H6: Username: (blank) Password: (blank) | I6: Error 'Username is required' is shown | J6: Left both fields empty and clicked Login. Error message “Epic sadface: Username is required” appeared. Both fields were highlighted in red. User stayed on login page. | K6: Pass | L6: Screenshot TC004.
A7: TC_005 | B7: Login | C7: Login with empty password | D7: Negative | E7: High | F7: Login page is open | G7: 1. Enter username 2. Leave password blank 3. Click Login | H7: Username: standard_user Password: (blank) | I7: Error 'Password is required' is shown | J7: Entered username “standard_user” and left password empty. Clicked Login. Error message “Epic sadface: Password is required” appeared. Password field was highlighted in red. User stayed on login page | K7: Pass | L7: Screenshot TC005
A8: TC_006 | B8: Login | C8: Login with empty username | D8: Negative | E8: Medium | F8: Login page is open | G8: 1. Leave username blank 2. Enter password 3. Click Login | H8: Username: (blank) Password: secret_sauce | I8: Error 'Username is required' is shown | J8: Left username empty and entered password “secret_sauce”. Clicked Login. Error message “Epic sadface: Username is required” appeared. User stayed on login page. | K8: Pass | L8: Screenshot TC006
A9: TC_007 | B9: Login | C9: Login with locked-out user | D9: Negative | E9: High | F9: Login page is open | G9: 1. Enter locked_out_user and password 2. Click Login | H9: Username: locked_out_user Password: secret_sauce | I9: Error 'Sorry, this user has been locked out' is shown; no login | J9: Error message “Epic sadface: Sorry, this user has been locked out.” appeared. User was not logged in and stayed on login page. | K9: Pass | L9: Screenshot TC007
A10: TC_008 | B10: Login | C10: Password field is masked | D10: UI | E10: Medium | F10: Login page is open | G10: 1. Type a password in the password field | H10: Password: secret_sauce | I10: Characters appear as dots, not plain text | J10: Typed text in the password field. Characters were displayed as dots (masked), not as plain text. | K10: Pass | L10: Screenshot TC008
A11: TC_009 | B11: Login | C11: Username is case sensitive | D11: Negative | E11: Medium | F11: Login page is open | G11: 1. Enter username in capital letters 2. Enter valid password 3. Click Login | H11: Username: STANDARD_USER Password: secret_sauce | I11: Login fails with 'do not match' error | J11: Entered username in capital letters “STANDARD_USER” with valid password “secret_sauce”. Clicked Login. Error message “Epic sadface: Username and password do not match any user in this service” appeared. Login failed, so the username is case sensitive. | K11: Pass | L11: Error text slightly clipped inside red box. Screenshot TC009
A12: TC_010 | B12: Login | C12: SQL injection input in username | D12: Security | E12: Medium | F12: Login page is open | G12: 1. Enter SQL string in username 2. Enter any password 3. Click Login | H12: Username: ' OR '1'='1 Password: anything | I12: Login is rejected with normal error message; no system error is shown | J12: Entered SQL injection string “‘ OR ‘1’='1” in username with password “anything”. Clicked Login. Normal error message “Epic sadface: Username and password do not match any user in this service” appeared. Login was rejected, and no technical or system error was shown | K12: Pass | L12: Error text slightly clipped inside red box. Screenshot TC010.
A13: TC_011 | B13: Login | C13: Username with leading/trailing spaces | D13: Boundary | E13: Low | F13: Login page is open | G13: 1. Enter username with spaces around it 2. Enter valid password 3. Click Login | H13: Username: standard_user Password: secret_sauce | I13: Login is rejected or handled consistently (record actual behavior) | J13: Entered username with extra spaces around it “ standard_user “ and valid password “secret_sauce”. Clicked Login. Error message “Epic sadface: Username and password do not match any user in this service” appeared. Login was rejected, so the portal does not trim spaces from the username. | K13: Pass | L13: Error text slightly clipped inside red box. Screenshot TC01
... A45: TC_043 | B45: UI/Compatibility | C45: Spelling and alignment check | D45: UI | E45: Low | F45: Portal is open | G45: 1. Review labels, headings and buttons on all pages | H45: N/A | I45: No spelling mistakes; elements are aligned consistently | J45: Reviewed the labels, headings, buttons and descriptions on the Login, Products, Cart and Menu pages. No spelling mistakes were found and the elements were aligned consistently | K45: Pass | L45: ss tc 43

Sheet Summary
A1: Test Execution Summary
A2: Update the Status column (K) on the 'Test Cases' sheet; counts below update automatically.
A4: Status | B4: Count | C4: % of Total
A5: Pass | B5: =COUNTIF('Test Cases'!$K$3:$K$45,A5) -> 41 | C5: =IF($B$9=0,0,B5/$B$9) -> 0.97619048
A6: Fail | B6: =COUNTIF('Test Cases'!$K$3:$K$45,A6) -> 1 | C6: =IF($B$9=0,0,B6/$B$9) -> 0.023809524
A7: Blocked | B7: =COUNTIF('Test Cases'!$K$3:$K$45,A7) -> 0 | C7: =IF($B$9=0,0,B7/$B$9) -> 0
A8: Not Run | B8: =COUNTIF('Test Cases'!$K$3:$K$45,A8) -> 0 | C8: =IF($B$9=0,0,B8/$B$9) -> 0
A9: Total | B9: =SUM(B5:B8) -> 42 | C9: =SUM(C5:C8) -> 1
A11: Module | B11: Total Cases | C11: Passed
A12: Login | B12: =COUNTIF('Test Cases'!$B$3:$B$45,A12) -> 14 | C12: =COUNTIFS('Test Cases'!$B$3:$B$45,A12,'Test Cases'!$K$3:$K$45,"Pass") -> 14
A13: Products | B13: =COUNTIF('Test Cases'!$B$3:$B$45,A13) -> 9 | C13: =COUNTIFS('Test Cases'!$B$3:$B$45,A13,'Test Cases'!$K$3:$K$45,"Pass") -> 8
A14: Menu / Navigation | B14: =COUNTIF('Test Cases'!$B$3:$B$45,A14) -> 5 | C14: =COUNTIFS('Test Cases'!$B$3:$B$45,A14,'Test Cases'!$K$3:$K$45,"Pass") -> 4
A15: Cart | B15: =COUNTIF('Test Cases'!$B$3:$B$45,A15) -> 7 | C15: =COUNTIFS('Test Cases'!$B$3:$B$45,A15,'Test Cases'!$K$3:$K$45,"Pass") -> 7
A16: Logout | B16: =COUNTIF('Test Cases'!$B$3:$B$45,A16) -> 4 | C16: =COUNTIFS('Test Cases'!$B$3:$B$45,A16,'Test Cases'!$K$3:$K$45,"Pass") -> 4
A17: UI/Compatibility | B17: =COUNTIF('Test Cases'!$B$3:$B$45,A17) -> 4 | C17: =COUNTIFS('Test Cases'!$B$3:$B$45,A17,'Test Cases'!$K$3:$K$45,"Pass") -> 4

Sheet Not Applicable
A1: Module | B1: Reason
A2: Registration | B2: Not available on SauceDemo (no sign-up page).
A3: Forgot Password | B3: Not available on SauceDemo.
A4: Profile | B4: Not available on SauceDemo (no profile page).
